{
    "$schema": "https://schema.management.azure.com/schemas/2015-01-01/deploymentParameters.json#",
    "contentVersion": "1.0.0.0",
    "parameters": {
        "vulnerabilityAssessments_Default_storageContainerPath": {
            "value": null
        },
        "servers_workingwithsqldatabase_name": {
            "value": null
        },
        "servers_workingwithsqldatabase_ne_name": {
            "value": null
        },
        "automationAccounts_workingwithsqldatabase_name": {
            "value": null
        }
    }
}