{
    "$schema": "https://schema.management.azure.com/schemas/2015-01-01/deploymentTemplate.json#",
    "contentVersion": "1.0.0.0",
    "parameters": {
        "vulnerabilityAssessments_Default_storageContainerPath": {
            "type": "SecureString"
        },
        "servers_workingwithsqldatabase_name": {
            "defaultValue": "workingwithsqldatabase",
            "type": "String"
        },
        "servers_workingwithsqldatabase_ne_name": {
            "defaultValue": "workingwithsqldatabase-ne",
            "type": "String"
        },
        "automationAccounts_workingwithsqldatabase_name": {
            "defaultValue": "workingwithsqldatabase",
            "type": "String"
        }
    },
    "variables": {},
    "resources": [
        {
            "type": "Microsoft.Automation/automationAccounts",
            "apiVersion": "2015-10-31",
            "name": "[parameters('automationAccounts_workingwithsqldatabase_name')]",
            "location": "westeurope",
            "properties": {
                "sku": {
                    "name": "Basic"
                }
            }
        },
        {
            "type": "Microsoft.Sql/servers",
            "apiVersion": "2015-05-01-preview",
            "name": "[parameters('servers_workingwithsqldatabase_name')]",
            "location": "westeurope",
            "kind": "v12.0",
            "properties": {
                "administratorLogin": "wwsdAdmin",
                "version": "12.0"
            }
        },
        {
            "type": "Microsoft.Sql/servers",
            "apiVersion": "2015-05-01-preview",
            "name": "[parameters('servers_workingwithsqldatabase_ne_name')]",
            "location": "northeurope",
            "kind": "v12.0",
            "properties": {
                "administratorLogin": "wwsdAdmin",
                "version": "12.0"
            }
        },
        {
            "type": "Microsoft.Automation/automationAccounts/connectionTypes",
            "apiVersion": "2015-10-31",
            "name": "[concat(parameters('automationAccounts_workingwithsqldatabase_name'), '/Azure')]",
            "dependsOn": [
                "[resourceId('Microsoft.Automation/automationAccounts', parameters('automationAccounts_workingwithsqldatabase_name'))]"
            ],
            "properties": {
                "isGlobal": true,
                "fieldDefinitions": {
                    "AutomationCertificateName": {
                        "isEncrypted": false,
                        "isOptional": false,
                        "type": "System.String"
                    },
                    "SubscriptionID": {
                        "isEncrypted": false,
                        "isOptional": false,
                        "type": "System.String"
                    }
                }
            }
        },
        {
            "type": "Microsoft.Automation/automationAccounts/connectionTypes",
            "apiVersion": "2015-10-31",
            "name": "[concat(parameters('automationAccounts_workingwithsqldatabase_name'), '/AzureClassicCertificate')]",
            "dependsOn": [
                "[resourceId('Microsoft.Automation/automationAccounts', parameters('automationAccounts_workingwithsqldatabase_name'))]"
            ],
            "properties": {
                "isGlobal": true,
                "fieldDefinitions": {
                    "SubscriptionName": {
                        "isEncrypted": false,
                        "isOptional": false,
                        "type": "System.String"
                    },
                    "SubscriptionId": {
                        "isEncrypted": false,
                        "isOptional": false,
                        "type": "System.String"
                    },
                    "CertificateAssetName": {
                        "isEncrypted": false,
                        "isOptional": false,
                        "type": "System.String"
                    }
                }
            }
        },
        {
            "type": "Microsoft.Automation/automationAccounts/connectionTypes",
            "apiVersion": "2015-10-31",
            "name": "[concat(parameters('automationAccounts_workingwithsqldatabase_name'), '/AzureServicePrincipal')]",
            "dependsOn": [
                "[resourceId('Microsoft.Automation/automationAccounts', parameters('automationAccounts_workingwithsqldatabase_name'))]"
            ],
            "properties": {
                "isGlobal": true,
                "fieldDefinitions": {
                    "ApplicationId": {
                        "isEncrypted": false,
                        "isOptional": false,
                        "type": "System.String"
                    },
                    "TenantId": {
                        "isEncrypted": false,
                        "isOptional": false,
                        "type": "System.String"
                    },
                    "CertificateThumbprint": {
                        "isEncrypted": false,
                        "isOptional": false,
                        "type": "System.String"
                    },
                    "SubscriptionId": {
                        "isEncrypted": false,
                        "isOptional": false,
                        "type": "System.String"
                    }
                }
            }
        },
        {
            "type": "Microsoft.Automation/automationAccounts/jobs",
            "apiVersion": "2017-05-15-preview",
            "name": "[concat(parameters('automationAccounts_workingwithsqldatabase_name'), '/6e31b9f0-23d8-45d9-bba2-e280da1ad511')]",
            "dependsOn": [
                "[resourceId('Microsoft.Automation/automationAccounts', parameters('automationAccounts_workingwithsqldatabase_name'))]"
            ],
            "properties": {
                "runbook": {
                    "name": "Maintenance"
                }
            }
        },
        {
            "type": "Microsoft.Automation/automationAccounts/jobs",
            "apiVersion": "2017-05-15-preview",
            "name": "[concat(parameters('automationAccounts_workingwithsqldatabase_name'), '/a44ec9cd-957d-49bb-9a0d-0b2d520aa285')]",
            "dependsOn": [
                "[resourceId('Microsoft.Automation/automationAccounts', parameters('automationAccounts_workingwithsqldatabase_name'))]"
            ],
            "properties": {
                "runbook": {
                    "name": "OPS-DB-Maintenance"
                }
            }
        },
        {
            "type": "Microsoft.Automation/automationAccounts/jobs",
            "apiVersion": "2017-05-15-preview",
            "name": "[concat(parameters('automationAccounts_workingwithsqldatabase_name'), '/db071d71-8f06-44f0-8821-fe070f7fcd50')]",
            "dependsOn": [
                "[resourceId('Microsoft.Automation/automationAccounts', parameters('automationAccounts_workingwithsqldatabase_name'))]"
            ],
            "properties": {
                "runbook": {
                    "name": "OPS-DB-Maintenance"
                }
            }
        },
        {
            "type": "Microsoft.Automation/automationAccounts/jobSchedules",
            "apiVersion": "2015-10-31",
            "name": "[concat(parameters('automationAccounts_workingwithsqldatabase_name'), '/cfb912e3-7889-4d88-ba3b-0aa25caa3944')]",
            "dependsOn": [
                "[resourceId('Microsoft.Automation/automationAccounts', parameters('automationAccounts_workingwithsqldatabase_name'))]"
            ],
            "properties": {
                "runbook": {
                    "name": "Maintenance"
                },
                "schedule": {
                    "name": "Everyday"
                }
            }
        },
        {
            "type": "Microsoft.Automation/automationAccounts/modules",
            "apiVersion": "2015-10-31",
            "name": "[concat(parameters('automationAccounts_workingwithsqldatabase_name'), '/AuditPolicyDsc')]",
            "dependsOn": [
                "[resourceId('Microsoft.Automation/automationAccounts', parameters('automationAccounts_workingwithsqldatabase_name'))]"
            ],
            "properties": {
                "contentLink": {}
            }
        },
        {
            "type": "Microsoft.Automation/automationAccounts/modules",
            "apiVersion": "2015-10-31",
            "name": "[concat(parameters('automationAccounts_workingwithsqldatabase_name'), '/Azure')]",
            "dependsOn": [
                "[resourceId('Microsoft.Automation/automationAccounts', parameters('automationAccounts_workingwithsqldatabase_name'))]"
            ],
            "properties": {
                "contentLink": {}
            }
        },
        {
            "type": "Microsoft.Automation/automationAccounts/modules",
            "apiVersion": "2015-10-31",
            "name": "[concat(parameters('automationAccounts_workingwithsqldatabase_name'), '/Azure.Storage')]",
            "dependsOn": [
                "[resourceId('Microsoft.Automation/automationAccounts', parameters('automationAccounts_workingwithsqldatabase_name'))]"
            ],
            "properties": {
                "contentLink": {}
            }
        },
        {
            "type": "Microsoft.Automation/automationAccounts/modules",
            "apiVersion": "2015-10-31",
            "name": "[concat(parameters('automationAccounts_workingwithsqldatabase_name'), '/AzureRM.Automation')]",
            "dependsOn": [
                "[resourceId('Microsoft.Automation/automationAccounts', parameters('automationAccounts_workingwithsqldatabase_name'))]"
            ],
            "properties": {
                "contentLink": {}
            }
        },
        {
            "type": "Microsoft.Automation/automationAccounts/modules",
            "apiVersion": "2015-10-31",
            "name": "[concat(parameters('automationAccounts_workingwithsqldatabase_name'), '/AzureRM.Compute')]",
            "dependsOn": [
                "[resourceId('Microsoft.Automation/automationAccounts', parameters('automationAccounts_workingwithsqldatabase_name'))]"
            ],
            "properties": {
                "contentLink": {}
            }
        },
        {
            "type": "Microsoft.Automation/automationAccounts/modules",
            "apiVersion": "2015-10-31",
            "name": "[concat(parameters('automationAccounts_workingwithsqldatabase_name'), '/AzureRM.Profile')]",
            "dependsOn": [
                "[resourceId('Microsoft.Automation/automationAccounts', parameters('automationAccounts_workingwithsqldatabase_name'))]"
            ],
            "properties": {
                "contentLink": {}
            }
        },
        {
            "type": "Microsoft.Automation/automationAccounts/modules",
            "apiVersion": "2015-10-31",
            "name": "[concat(parameters('automationAccounts_workingwithsqldatabase_name'), '/AzureRM.Resources')]",
            "dependsOn": [
                "[resourceId('Microsoft.Automation/automationAccounts', parameters('automationAccounts_workingwithsqldatabase_name'))]"
            ],
            "properties": {
                "contentLink": {}
            }
        },
        {
            "type": "Microsoft.Automation/automationAccounts/modules",
            "apiVersion": "2015-10-31",
            "name": "[concat(parameters('automationAccounts_workingwithsqldatabase_name'), '/AzureRM.Sql')]",
            "dependsOn": [
                "[resourceId('Microsoft.Automation/automationAccounts', parameters('automationAccounts_workingwithsqldatabase_name'))]"
            ],
            "properties": {
                "contentLink": {}
            }
        },
        {
            "type": "Microsoft.Automation/automationAccounts/modules",
            "apiVersion": "2015-10-31",
            "name": "[concat(parameters('automationAccounts_workingwithsqldatabase_name'), '/AzureRM.Storage')]",
            "dependsOn": [
                "[resourceId('Microsoft.Automation/automationAccounts', parameters('automationAccounts_workingwithsqldatabase_name'))]"
            ],
            "properties": {
                "contentLink": {}
            }
        },
        {
            "type": "Microsoft.Automation/automationAccounts/modules",
            "apiVersion": "2015-10-31",
            "name": "[concat(parameters('automationAccounts_workingwithsqldatabase_name'), '/ComputerManagementDsc')]",
            "dependsOn": [
                "[resourceId('Microsoft.Automation/automationAccounts', parameters('automationAccounts_workingwithsqldatabase_name'))]"
            ],
            "properties": {
                "contentLink": {}
            }
        },
        {
            "type": "Microsoft.Automation/automationAccounts/modules",
            "apiVersion": "2015-10-31",
            "name": "[concat(parameters('automationAccounts_workingwithsqldatabase_name'), '/GPRegistryPolicyParser')]",
            "dependsOn": [
                "[resourceId('Microsoft.Automation/automationAccounts', parameters('automationAccounts_workingwithsqldatabase_name'))]"
            ],
            "properties": {
                "contentLink": {}
            }
        },
        {
            "type": "Microsoft.Automation/automationAccounts/modules",
            "apiVersion": "2015-10-31",
            "name": "[concat(parameters('automationAccounts_workingwithsqldatabase_name'), '/Microsoft.PowerShell.Core')]",
            "dependsOn": [
                "[resourceId('Microsoft.Automation/automationAccounts', parameters('automationAccounts_workingwithsqldatabase_name'))]"
            ],
            "properties": {
                "contentLink": {}
            }
        },
        {
            "type": "Microsoft.Automation/automationAccounts/modules",
            "apiVersion": "2015-10-31",
            "name": "[concat(parameters('automationAccounts_workingwithsqldatabase_name'), '/Microsoft.PowerShell.Diagnostics')]",
            "dependsOn": [
                "[resourceId('Microsoft.Automation/automationAccounts', parameters('automationAccounts_workingwithsqldatabase_name'))]"
            ],
            "properties": {
                "contentLink": {}
            }
        },
        {
            "type": "Microsoft.Automation/automationAccounts/modules",
            "apiVersion": "2015-10-31",
            "name": "[concat(parameters('automationAccounts_workingwithsqldatabase_name'), '/Microsoft.PowerShell.Management')]",
            "dependsOn": [
                "[resourceId('Microsoft.Automation/automationAccounts', parameters('automationAccounts_workingwithsqldatabase_name'))]"
            ],
            "properties": {
                "contentLink": {}
            }
        },
        {
            "type": "Microsoft.Automation/automationAccounts/modules",
            "apiVersion": "2015-10-31",
            "name": "[concat(parameters('automationAccounts_workingwithsqldatabase_name'), '/Microsoft.PowerShell.Security')]",
            "dependsOn": [
                "[resourceId('Microsoft.Automation/automationAccounts', parameters('automationAccounts_workingwithsqldatabase_name'))]"
            ],
            "properties": {
                "contentLink": {}
            }
        },
        {
            "type": "Microsoft.Automation/automationAccounts/modules",
            "apiVersion": "2015-10-31",
            "name": "[concat(parameters('automationAccounts_workingwithsqldatabase_name'), '/Microsoft.PowerShell.Utility')]",
            "dependsOn": [
                "[resourceId('Microsoft.Automation/automationAccounts', parameters('automationAccounts_workingwithsqldatabase_name'))]"
            ],
            "properties": {
                "contentLink": {}
            }
        },
        {
            "type": "Microsoft.Automation/automationAccounts/modules",
            "apiVersion": "2015-10-31",
            "name": "[concat(parameters('automationAccounts_workingwithsqldatabase_name'), '/Microsoft.WSMan.Management')]",
            "dependsOn": [
                "[resourceId('Microsoft.Automation/automationAccounts', parameters('automationAccounts_workingwithsqldatabase_name'))]"
            ],
            "properties": {
                "contentLink": {}
            }
        },
        {
            "type": "Microsoft.Automation/automationAccounts/modules",
            "apiVersion": "2015-10-31",
            "name": "[concat(parameters('automationAccounts_workingwithsqldatabase_name'), '/Orchestrator.AssetManagement.Cmdlets')]",
            "dependsOn": [
                "[resourceId('Microsoft.Automation/automationAccounts', parameters('automationAccounts_workingwithsqldatabase_name'))]"
            ],
            "properties": {
                "contentLink": {}
            }
        },
        {
            "type": "Microsoft.Automation/automationAccounts/modules",
            "apiVersion": "2015-10-31",
            "name": "[concat(parameters('automationAccounts_workingwithsqldatabase_name'), '/PSDscResources')]",
            "dependsOn": [
                "[resourceId('Microsoft.Automation/automationAccounts', parameters('automationAccounts_workingwithsqldatabase_name'))]"
            ],
            "properties": {
                "contentLink": {}
            }
        },
        {
            "type": "Microsoft.Automation/automationAccounts/modules",
            "apiVersion": "2015-10-31",
            "name": "[concat(parameters('automationAccounts_workingwithsqldatabase_name'), '/SecurityPolicyDsc')]",
            "dependsOn": [
                "[resourceId('Microsoft.Automation/automationAccounts', parameters('automationAccounts_workingwithsqldatabase_name'))]"
            ],
            "properties": {
                "contentLink": {}
            }
        },
        {
            "type": "Microsoft.Automation/automationAccounts/modules",
            "apiVersion": "2015-10-31",
            "name": "[concat(parameters('automationAccounts_workingwithsqldatabase_name'), '/StateConfigCompositeResources')]",
            "dependsOn": [
                "[resourceId('Microsoft.Automation/automationAccounts', parameters('automationAccounts_workingwithsqldatabase_name'))]"
            ],
            "properties": {
                "contentLink": {}
            }
        },
        {
            "type": "Microsoft.Automation/automationAccounts/modules",
            "apiVersion": "2015-10-31",
            "name": "[concat(parameters('automationAccounts_workingwithsqldatabase_name'), '/xDSCDomainjoin')]",
            "dependsOn": [
                "[resourceId('Microsoft.Automation/automationAccounts', parameters('automationAccounts_workingwithsqldatabase_name'))]"
            ],
            "properties": {
                "contentLink": {}
            }
        },
        {
            "type": "Microsoft.Automation/automationAccounts/modules",
            "apiVersion": "2015-10-31",
            "name": "[concat(parameters('automationAccounts_workingwithsqldatabase_name'), '/xPowerShellExecutionPolicy')]",
            "dependsOn": [
                "[resourceId('Microsoft.Automation/automationAccounts', parameters('automationAccounts_workingwithsqldatabase_name'))]"
            ],
            "properties": {
                "contentLink": {}
            }
        },
        {
            "type": "Microsoft.Automation/automationAccounts/modules",
            "apiVersion": "2015-10-31",
            "name": "[concat(parameters('automationAccounts_workingwithsqldatabase_name'), '/xRemoteDesktopAdmin')]",
            "dependsOn": [
                "[resourceId('Microsoft.Automation/automationAccounts', parameters('automationAccounts_workingwithsqldatabase_name'))]"
            ],
            "properties": {
                "contentLink": {}
            }
        },
        {
            "type": "Microsoft.Automation/automationAccounts/runbooks",
            "apiVersion": "2018-06-30",
            "name": "[concat(parameters('automationAccounts_workingwithsqldatabase_name'), '/Maintenance')]",
            "location": "westeurope",
            "dependsOn": [
                "[resourceId('Microsoft.Automation/automationAccounts', parameters('automationAccounts_workingwithsqldatabase_name'))]"
            ],
            "properties": {
                "runbookType": "PowerShell",
                "logVerbose": false,
                "logProgress": false,
                "logActivityTrace": 0
            }
        },
        {
            "type": "Microsoft.Automation/automationAccounts/runbooks",
            "apiVersion": "2018-06-30",
            "name": "[concat(parameters('automationAccounts_workingwithsqldatabase_name'), '/OPS-DB-Maintenance')]",
            "location": "westeurope",
            "dependsOn": [
                "[resourceId('Microsoft.Automation/automationAccounts', parameters('automationAccounts_workingwithsqldatabase_name'))]"
            ],
            "properties": {
                "runbookType": "PowerShell",
                "logVerbose": false,
                "logProgress": false,
                "logActivityTrace": 0
            }
        },
        {
            "type": "Microsoft.Automation/automationAccounts/schedules",
            "apiVersion": "2015-10-31",
            "name": "[concat(parameters('automationAccounts_workingwithsqldatabase_name'), '/Everyday')]",
            "dependsOn": [
                "[resourceId('Microsoft.Automation/automationAccounts', parameters('automationAccounts_workingwithsqldatabase_name'))]"
            ],
            "properties": {
                "startTime": "2019-11-21T15:34:00+01:00",
                "expiryTime": "9999-12-31T23:59:59.9999999+00:00",
                "interval": 1,
                "frequency": "Day",
                "timeZone": "Europe/Rome"
            }
        },
        {
            "type": "Microsoft.Automation/automationAccounts/variables",
            "apiVersion": "2015-10-31",
            "name": "[concat(parameters('automationAccounts_workingwithsqldatabase_name'), '/MainDatabase')]",
            "dependsOn": [
                "[resourceId('Microsoft.Automation/automationAccounts', parameters('automationAccounts_workingwithsqldatabase_name'))]"
            ],
            "properties": {
                "isEncrypted": false,
                "value": "\"Server=tcp:workingwithsqldatabase.database.windows.net,1433;Initial Catalog=vcore-based-hyperscale;Persist Security Info=False;User ID=wwsdAdmin;Password=d6VBNM(un7m8nyuN/(;MultipleActiveResultSets=False;Encrypt=True;TrustServerCertificate=False;Connection Timeout=30;\""
            }
        },
        {
            "type": "Microsoft.Sql/servers/administrators",
            "apiVersion": "2014-04-01",
            "name": "[concat(parameters('servers_workingwithsqldatabase_name'), '/ActiveDirectory')]",
            "location": "West Europe",
            "dependsOn": [
                "[resourceId('Microsoft.Sql/servers', parameters('servers_workingwithsqldatabase_name'))]"
            ],
            "properties": {
                "administratorType": "ActiveDirectory",
                "login": "DB_ADMINS",
                "sid": "ff8f667b-c948-4d84-8eec-9fa4cc2b633d",
                "tenantId": "eaaba673-7ce2-4896-908e-563ce28e073d"
            }
        },
        {
            "type": "Microsoft.Sql/servers/advisors",
            "apiVersion": "2014-04-01",
            "name": "[concat(parameters('servers_workingwithsqldatabase_name'), '/CreateIndex')]",
            "dependsOn": [
                "[resourceId('Microsoft.Sql/servers', parameters('servers_workingwithsqldatabase_name'))]"
            ],
            "properties": {
                "autoExecuteValue": "Disabled"
            }
        },
        {
            "type": "Microsoft.Sql/servers/advisors",
            "apiVersion": "2014-04-01",
            "name": "[concat(parameters('servers_workingwithsqldatabase_ne_name'), '/CreateIndex')]",
            "dependsOn": [
                "[resourceId('Microsoft.Sql/servers', parameters('servers_workingwithsqldatabase_ne_name'))]"
            ],
            "properties": {
                "autoExecuteValue": "Disabled"
            }
        },
        {
            "type": "Microsoft.Sql/servers/advisors",
            "apiVersion": "2014-04-01",
            "name": "[concat(parameters('servers_workingwithsqldatabase_name'), '/DbParameterization')]",
            "dependsOn": [
                "[resourceId('Microsoft.Sql/servers', parameters('servers_workingwithsqldatabase_name'))]"
            ],
            "properties": {
                "autoExecuteValue": "Disabled"
            }
        },
        {
            "type": "Microsoft.Sql/servers/advisors",
            "apiVersion": "2014-04-01",
            "name": "[concat(parameters('servers_workingwithsqldatabase_ne_name'), '/DbParameterization')]",
            "dependsOn": [
                "[resourceId('Microsoft.Sql/servers', parameters('servers_workingwithsqldatabase_ne_name'))]"
            ],
            "properties": {
                "autoExecuteValue": "Disabled"
            }
        },
        {
            "type": "Microsoft.Sql/servers/advisors",
            "apiVersion": "2014-04-01",
            "name": "[concat(parameters('servers_workingwithsqldatabase_name'), '/DefragmentIndex')]",
            "dependsOn": [
                "[resourceId('Microsoft.Sql/servers', parameters('servers_workingwithsqldatabase_name'))]"
            ],
            "properties": {
                "autoExecuteValue": "Disabled"
            }
        },
        {
            "type": "Microsoft.Sql/servers/advisors",
            "apiVersion": "2014-04-01",
            "name": "[concat(parameters('servers_workingwithsqldatabase_ne_name'), '/DefragmentIndex')]",
            "dependsOn": [
                "[resourceId('Microsoft.Sql/servers', parameters('servers_workingwithsqldatabase_ne_name'))]"
            ],
            "properties": {
                "autoExecuteValue": "Disabled"
            }
        },
        {
            "type": "Microsoft.Sql/servers/advisors",
            "apiVersion": "2014-04-01",
            "name": "[concat(parameters('servers_workingwithsqldatabase_name'), '/DropIndex')]",
            "dependsOn": [
                "[resourceId('Microsoft.Sql/servers', parameters('servers_workingwithsqldatabase_name'))]"
            ],
            "properties": {
                "autoExecuteValue": "Disabled"
            }
        },
        {
            "type": "Microsoft.Sql/servers/advisors",
            "apiVersion": "2014-04-01",
            "name": "[concat(parameters('servers_workingwithsqldatabase_ne_name'), '/DropIndex')]",
            "dependsOn": [
                "[resourceId('Microsoft.Sql/servers', parameters('servers_workingwithsqldatabase_ne_name'))]"
            ],
            "properties": {
                "autoExecuteValue": "Disabled"
            }
        },
        {
            "type": "Microsoft.Sql/servers/advisors",
            "apiVersion": "2014-04-01",
            "name": "[concat(parameters('servers_workingwithsqldatabase_name'), '/ForceLastGoodPlan')]",
            "dependsOn": [
                "[resourceId('Microsoft.Sql/servers', parameters('servers_workingwithsqldatabase_name'))]"
            ],
            "properties": {
                "autoExecuteValue": "Disabled"
            }
        },
        {
            "type": "Microsoft.Sql/servers/advisors",
            "apiVersion": "2014-04-01",
            "name": "[concat(parameters('servers_workingwithsqldatabase_ne_name'), '/ForceLastGoodPlan')]",
            "dependsOn": [
                "[resourceId('Microsoft.Sql/servers', parameters('servers_workingwithsqldatabase_ne_name'))]"
            ],
            "properties": {
                "autoExecuteValue": "Disabled"
            }
        },
        {
            "type": "Microsoft.Sql/servers/auditingPolicies",
            "apiVersion": "2014-04-01",
            "name": "[concat(parameters('servers_workingwithsqldatabase_name'), '/Default')]",
            "location": "West Europe",
            "dependsOn": [
                "[resourceId('Microsoft.Sql/servers', parameters('servers_workingwithsqldatabase_name'))]"
            ],
            "properties": {
                "auditingState": "Disabled"
            }
        },
        {
            "type": "Microsoft.Sql/servers/auditingPolicies",
            "apiVersion": "2014-04-01",
            "name": "[concat(parameters('servers_workingwithsqldatabase_ne_name'), '/Default')]",
            "location": "North Europe",
            "dependsOn": [
                "[resourceId('Microsoft.Sql/servers', parameters('servers_workingwithsqldatabase_ne_name'))]"
            ],
            "properties": {
                "auditingState": "Disabled"
            }
        },
        {
            "type": "Microsoft.Sql/servers/auditingSettings",
            "apiVersion": "2017-03-01-preview",
            "name": "[concat(parameters('servers_workingwithsqldatabase_name'), '/Default')]",
            "dependsOn": [
                "[resourceId('Microsoft.Sql/servers', parameters('servers_workingwithsqldatabase_name'))]"
            ],
            "properties": {
                "state": "Enabled",
                "storageEndpoint": "https://demoscommon.blob.core.windows.net/",
                "retentionDays": 30,
                "auditActionsAndGroups": [
                    "SUCCESSFUL_DATABASE_AUTHENTICATION_GROUP",
                    "FAILED_DATABASE_AUTHENTICATION_GROUP",
                    "BATCH_COMPLETED_GROUP"
                ],
                "storageAccountSubscriptionId": "1ca7531a-a0b8-426d-b3fc-e1472d9c2cdd",
                "isStorageSecondaryKeyInUse": false,
                "isAzureMonitorTargetEnabled": false
            }
        },
        {
            "type": "Microsoft.Sql/servers/auditingSettings",
            "apiVersion": "2017-03-01-preview",
            "name": "[concat(parameters('servers_workingwithsqldatabase_ne_name'), '/Default')]",
            "dependsOn": [
                "[resourceId('Microsoft.Sql/servers', parameters('servers_workingwithsqldatabase_ne_name'))]"
            ],
            "properties": {
                "state": "Disabled",
                "retentionDays": 0,
                "auditActionsAndGroups": [],
                "storageAccountSubscriptionId": "00000000-0000-0000-0000-000000000000",
                "isStorageSecondaryKeyInUse": false,
                "isAzureMonitorTargetEnabled": false
            }
        },
        {
            "type": "Microsoft.Sql/servers/databases",
            "apiVersion": "2017-10-01-preview",
            "name": "[concat(parameters('servers_workingwithsqldatabase_name'), '/dtu-based')]",
            "location": "westeurope",
            "dependsOn": [
                "[resourceId('Microsoft.Sql/servers', parameters('servers_workingwithsqldatabase_name'))]"
            ],
            "sku": {
                "name": "Standard",
                "tier": "Standard",
                "capacity": 100
            },
            "kind": "v12.0,user",
            "properties": {
                "collation": "SQL_Latin1_General_CP1_CI_AS",
                "maxSizeBytes": 2147483648,
                "catalogCollation": "SQL_Latin1_General_CP1_CI_AS",
                "zoneRedundant": false,
                "readScale": "Disabled",
                "readReplicaCount": 0
            }
        },
        {
            "type": "Microsoft.Sql/servers/databases",
            "apiVersion": "2017-10-01-preview",
            "name": "[concat(parameters('servers_workingwithsqldatabase_name'), '/vcore-based-hyperscale')]",
            "location": "westeurope",
            "dependsOn": [
                "[resourceId('Microsoft.Sql/servers', parameters('servers_workingwithsqldatabase_name'))]"
            ],
            "sku": {
                "name": "HS_Gen4",
                "tier": "Hyperscale",
                "family": "Gen4",
                "capacity": 1
            },
            "kind": "v12.0,user,vcore,hyperscale",
            "properties": {
                "collation": "SQL_Latin1_General_CP1_CI_AS",
                "maxSizeBytes": -1,
                "catalogCollation": "SQL_Latin1_General_CP1_CI_AS",
                "licenseType": "LicenseIncluded",
                "readScale": "Disabled",
                "readReplicaCount": 0
            }
        },
        {
            "type": "Microsoft.Sql/servers/databases",
            "apiVersion": "2017-10-01-preview",
            "name": "[concat(parameters('servers_workingwithsqldatabase_name'), '/vcore-based-provisioned')]",
            "location": "westeurope",
            "dependsOn": [
                "[resourceId('Microsoft.Sql/servers', parameters('servers_workingwithsqldatabase_name'))]"
            ],
            "sku": {
                "name": "Basic",
                "tier": "Basic",
                "capacity": 5
            },
            "kind": "v12.0,user",
            "properties": {
                "collation": "SQL_Latin1_General_CP1_CI_AS",
                "maxSizeBytes": 2147483648,
                "catalogCollation": "SQL_Latin1_General_CP1_CI_AS",
                "zoneRedundant": false,
                "readScale": "Disabled",
                "readReplicaCount": 0
            }
        },
        {
            "type": "Microsoft.Sql/servers/databases",
            "apiVersion": "2017-10-01-preview",
            "name": "[concat(parameters('servers_workingwithsqldatabase_name'), '/vcore-based-provisioned-staging')]",
            "location": "westeurope",
            "dependsOn": [
                "[resourceId('Microsoft.Sql/servers', parameters('servers_workingwithsqldatabase_name'))]"
            ],
            "sku": {
                "name": "Basic",
                "tier": "Basic",
                "capacity": 5
            },
            "kind": "v12.0,user",
            "properties": {
                "collation": "SQL_Latin1_General_CP1_CI_AS",
                "maxSizeBytes": 2147483648,
                "catalogCollation": "SQL_Latin1_General_CP1_CI_AS",
                "zoneRedundant": false,
                "readScale": "Disabled",
                "readReplicaCount": 0
            }
        },
        {
            "type": "Microsoft.Sql/servers/databases",
            "apiVersion": "2017-10-01-preview",
            "name": "[concat(parameters('servers_workingwithsqldatabase_name'), '/vcore-based-serverless')]",
            "location": "westeurope",
            "dependsOn": [
                "[resourceId('Microsoft.Sql/servers', parameters('servers_workingwithsqldatabase_name'))]"
            ],
            "sku": {
                "name": "Basic",
                "tier": "Basic",
                "capacity": 5
            },
            "kind": "v12.0,user",
            "properties": {
                "collation": "SQL_Latin1_General_CP1_CI_AS",
                "maxSizeBytes": 2147483648,
                "catalogCollation": "SQL_Latin1_General_CP1_CI_AS",
                "zoneRedundant": false,
                "readScale": "Disabled",
                "readReplicaCount": 0
            }
        },
        {
            "type": "Microsoft.Sql/servers/databases/auditingPolicies",
            "apiVersion": "2014-04-01",
            "name": "[concat(parameters('servers_workingwithsqldatabase_name'), '/master/Default')]",
            "location": "West Europe",
            "dependsOn": [
                "[resourceId('Microsoft.Sql/servers', parameters('servers_workingwithsqldatabase_name'))]"
            ],
            "properties": {
                "auditingState": "Disabled"
            }
        },
        {
            "type": "Microsoft.Sql/servers/databases/auditingPolicies",
            "apiVersion": "2014-04-01",
            "name": "[concat(parameters('servers_workingwithsqldatabase_ne_name'), '/master/Default')]",
            "location": "North Europe",
            "dependsOn": [
                "[resourceId('Microsoft.Sql/servers', parameters('servers_workingwithsqldatabase_ne_name'))]"
            ],
            "properties": {
                "auditingState": "Disabled"
            }
        },
        {
            "type": "Microsoft.Sql/servers/databases/auditingSettings",
            "apiVersion": "2017-03-01-preview",
            "name": "[concat(parameters('servers_workingwithsqldatabase_name'), '/master/Default')]",
            "dependsOn": [
                "[resourceId('Microsoft.Sql/servers', parameters('servers_workingwithsqldatabase_name'))]"
            ],
            "properties": {
                "state": "Disabled",
                "retentionDays": 0,
                "auditActionsAndGroups": [],
                "storageAccountSubscriptionId": "00000000-0000-0000-0000-000000000000",
                "isStorageSecondaryKeyInUse": false,
                "isAzureMonitorTargetEnabled": false
            }
        },
        {
            "type": "Microsoft.Sql/servers/databases/auditingSettings",
            "apiVersion": "2017-03-01-preview",
            "name": "[concat(parameters('servers_workingwithsqldatabase_ne_name'), '/master/Default')]",
            "dependsOn": [
                "[resourceId('Microsoft.Sql/servers', parameters('servers_workingwithsqldatabase_ne_name'))]"
            ],
            "properties": {
                "state": "Disabled",
                "retentionDays": 0,
                "storageAccountSubscriptionId": "00000000-0000-0000-0000-000000000000",
                "isStorageSecondaryKeyInUse": false,
                "isAzureMonitorTargetEnabled": false
            }
        },
        {
            "type": "Microsoft.Sql/servers/databases/extendedAuditingSettings",
            "apiVersion": "2017-03-01-preview",
            "name": "[concat(parameters('servers_workingwithsqldatabase_name'), '/master/Default')]",
            "dependsOn": [
                "[resourceId('Microsoft.Sql/servers', parameters('servers_workingwithsqldatabase_name'))]"
            ],
            "properties": {
                "state": "Disabled",
                "retentionDays": 0,
                "auditActionsAndGroups": [],
                "storageAccountSubscriptionId": "00000000-0000-0000-0000-000000000000",
                "isStorageSecondaryKeyInUse": false,
                "isAzureMonitorTargetEnabled": false
            }
        },
        {
            "type": "Microsoft.Sql/servers/databases/extendedAuditingSettings",
            "apiVersion": "2017-03-01-preview",
            "name": "[concat(parameters('servers_workingwithsqldatabase_ne_name'), '/master/Default')]",
            "dependsOn": [
                "[resourceId('Microsoft.Sql/servers', parameters('servers_workingwithsqldatabase_ne_name'))]"
            ],
            "properties": {
                "state": "Disabled",
                "retentionDays": 0,
                "storageAccountSubscriptionId": "00000000-0000-0000-0000-000000000000",
                "isStorageSecondaryKeyInUse": false,
                "isAzureMonitorTargetEnabled": false
            }
        },
        {
            "type": "Microsoft.Sql/servers/databases/geoBackupPolicies",
            "apiVersion": "2014-04-01",
            "name": "[concat(parameters('servers_workingwithsqldatabase_name'), '/master/Default')]",
            "location": "West Europe",
            "dependsOn": [
                "[resourceId('Microsoft.Sql/servers', parameters('servers_workingwithsqldatabase_name'))]"
            ],
            "properties": {
                "state": "Enabled"
            }
        },
        {
            "type": "Microsoft.Sql/servers/databases/geoBackupPolicies",
            "apiVersion": "2014-04-01",
            "name": "[concat(parameters('servers_workingwithsqldatabase_ne_name'), '/master/Default')]",
            "location": "North Europe",
            "dependsOn": [
                "[resourceId('Microsoft.Sql/servers', parameters('servers_workingwithsqldatabase_ne_name'))]"
            ],
            "properties": {
                "state": "Enabled"
            }
        },
        {
            "type": "Microsoft.Sql/servers/databases/securityAlertPolicies",
            "apiVersion": "2018-06-01-preview",
            "name": "[concat(parameters('servers_workingwithsqldatabase_name'), '/master/Default')]",
            "dependsOn": [
                "[resourceId('Microsoft.Sql/servers', parameters('servers_workingwithsqldatabase_name'))]"
            ],
            "properties": {
                "state": "Disabled",
                "disabledAlerts": [
                    ""
                ],
                "emailAddresses": [
                    ""
                ],
                "emailAccountAdmins": false,
                "retentionDays": 0
            }
        },
        {
            "type": "Microsoft.Sql/servers/databases/securityAlertPolicies",
            "apiVersion": "2018-06-01-preview",
            "name": "[concat(parameters('servers_workingwithsqldatabase_ne_name'), '/master/Default')]",
            "dependsOn": [
                "[resourceId('Microsoft.Sql/servers', parameters('servers_workingwithsqldatabase_ne_name'))]"
            ],
            "properties": {
                "state": "Disabled",
                "disabledAlerts": [
                    ""
                ],
                "emailAddresses": [
                    ""
                ],
                "emailAccountAdmins": false,
                "retentionDays": 0
            }
        },
        {
            "type": "Microsoft.Sql/servers/databases/transparentDataEncryption",
            "apiVersion": "2014-04-01",
            "name": "[concat(parameters('servers_workingwithsqldatabase_name'), '/master/current')]",
            "location": "West Europe",
            "dependsOn": [
                "[resourceId('Microsoft.Sql/servers', parameters('servers_workingwithsqldatabase_name'))]"
            ],
            "properties": {
                "status": "Disabled"
            }
        },
        {
            "type": "Microsoft.Sql/servers/databases/transparentDataEncryption",
            "apiVersion": "2014-04-01",
            "name": "[concat(parameters('servers_workingwithsqldatabase_ne_name'), '/master/current')]",
            "location": "North Europe",
            "dependsOn": [
                "[resourceId('Microsoft.Sql/servers', parameters('servers_workingwithsqldatabase_ne_name'))]"
            ],
            "properties": {
                "status": "Disabled"
            }
        },
        {
            "type": "Microsoft.Sql/servers/databases/vulnerabilityAssessments",
            "apiVersion": "2017-03-01-preview",
            "name": "[concat(parameters('servers_workingwithsqldatabase_name'), '/master/Default')]",
            "dependsOn": [
                "[resourceId('Microsoft.Sql/servers', parameters('servers_workingwithsqldatabase_name'))]"
            ],
            "properties": {
                "recurringScans": {
                    "isEnabled": false,
                    "emailSubscriptionAdmins": true
                }
            }
        },
        {
            "type": "Microsoft.Sql/servers/databases/vulnerabilityAssessments",
            "apiVersion": "2017-03-01-preview",
            "name": "[concat(parameters('servers_workingwithsqldatabase_ne_name'), '/master/Default')]",
            "dependsOn": [
                "[resourceId('Microsoft.Sql/servers', parameters('servers_workingwithsqldatabase_ne_name'))]"
            ],
            "properties": {
                "recurringScans": {
                    "isEnabled": false,
                    "emailSubscriptionAdmins": true
                }
            }
        },
        {
            "type": "Microsoft.Sql/servers/elasticPools",
            "apiVersion": "2017-10-01-preview",
            "name": "[concat(parameters('servers_workingwithsqldatabase_name'), '/vcore-elasticpool')]",
            "location": "westeurope",
            "dependsOn": [
                "[resourceId('Microsoft.Sql/servers', parameters('servers_workingwithsqldatabase_name'))]"
            ],
            "sku": {
                "name": "BasicPool",
                "tier": "Basic",
                "capacity": 50
            },
            "kind": "pool",
            "properties": {
                "maxSizeBytes": 5242880000,
                "perDatabaseSettings": {
                    "minCapacity": 0,
                    "maxCapacity": 5
                },
                "zoneRedundant": false
            }
        },
        {
            "type": "Microsoft.Sql/servers/encryptionProtector",
            "apiVersion": "2015-05-01-preview",
            "name": "[concat(parameters('servers_workingwithsqldatabase_name'), '/current')]",
            "dependsOn": [
                "[resourceId('Microsoft.Sql/servers', parameters('servers_workingwithsqldatabase_name'))]"
            ],
            "kind": "servicemanaged",
            "properties": {
                "serverKeyName": "ServiceManaged",
                "serverKeyType": "ServiceManaged"
            }
        },
        {
            "type": "Microsoft.Sql/servers/encryptionProtector",
            "apiVersion": "2015-05-01-preview",
            "name": "[concat(parameters('servers_workingwithsqldatabase_ne_name'), '/current')]",
            "dependsOn": [
                "[resourceId('Microsoft.Sql/servers', parameters('servers_workingwithsqldatabase_ne_name'))]"
            ],
            "kind": "servicemanaged",
            "properties": {
                "serverKeyName": "ServiceManaged",
                "serverKeyType": "ServiceManaged"
            }
        },
        {
            "type": "Microsoft.Sql/servers/extendedAuditingSettings",
            "apiVersion": "2017-03-01-preview",
            "name": "[concat(parameters('servers_workingwithsqldatabase_name'), '/Default')]",
            "dependsOn": [
                "[resourceId('Microsoft.Sql/servers', parameters('servers_workingwithsqldatabase_name'))]"
            ],
            "properties": {
                "state": "Enabled",
                "storageEndpoint": "https://demoscommon.blob.core.windows.net/",
                "retentionDays": 30,
                "auditActionsAndGroups": [
                    "SUCCESSFUL_DATABASE_AUTHENTICATION_GROUP",
                    "FAILED_DATABASE_AUTHENTICATION_GROUP",
                    "BATCH_COMPLETED_GROUP"
                ],
                "storageAccountSubscriptionId": "1ca7531a-a0b8-426d-b3fc-e1472d9c2cdd",
                "isStorageSecondaryKeyInUse": false,
                "isAzureMonitorTargetEnabled": false
            }
        },
        {
            "type": "Microsoft.Sql/servers/extendedAuditingSettings",
            "apiVersion": "2017-03-01-preview",
            "name": "[concat(parameters('servers_workingwithsqldatabase_ne_name'), '/Default')]",
            "dependsOn": [
                "[resourceId('Microsoft.Sql/servers', parameters('servers_workingwithsqldatabase_ne_name'))]"
            ],
            "properties": {
                "state": "Disabled",
                "retentionDays": 0,
                "auditActionsAndGroups": [],
                "storageAccountSubscriptionId": "00000000-0000-0000-0000-000000000000",
                "isStorageSecondaryKeyInUse": false,
                "isAzureMonitorTargetEnabled": false
            }
        },
        {
            "type": "Microsoft.Sql/servers/firewallRules",
            "apiVersion": "2015-05-01-preview",
            "name": "[concat(parameters('servers_workingwithsqldatabase_ne_name'), '/All')]",
            "dependsOn": [
                "[resourceId('Microsoft.Sql/servers', parameters('servers_workingwithsqldatabase_ne_name'))]"
            ],
            "properties": {
                "startIpAddress": "0.0.0.0",
                "endIpAddress": "255.255.255.255"
            }
        },
        {
            "type": "Microsoft.Sql/servers/firewallRules",
            "apiVersion": "2015-05-01-preview",
            "name": "[concat(parameters('servers_workingwithsqldatabase_name'), '/AllowAllWindowsAzureIps')]",
            "dependsOn": [
                "[resourceId('Microsoft.Sql/servers', parameters('servers_workingwithsqldatabase_name'))]"
            ],
            "properties": {
                "startIpAddress": "0.0.0.0",
                "endIpAddress": "0.0.0.0"
            }
        },
        {
            "type": "Microsoft.Sql/servers/firewallRules",
            "apiVersion": "2015-05-01-preview",
            "name": "[concat(parameters('servers_workingwithsqldatabase_ne_name'), '/AllowAllWindowsAzureIps')]",
            "dependsOn": [
                "[resourceId('Microsoft.Sql/servers', parameters('servers_workingwithsqldatabase_ne_name'))]"
            ],
            "properties": {
                "startIpAddress": "0.0.0.0",
                "endIpAddress": "0.0.0.0"
            }
        },
        {
            "type": "Microsoft.Sql/servers/firewallRules",
            "apiVersion": "2015-05-01-preview",
            "name": "[concat(parameters('servers_workingwithsqldatabase_name'), '/ClientIPAddress_2019-11-21_14-40-28')]",
            "dependsOn": [
                "[resourceId('Microsoft.Sql/servers', parameters('servers_workingwithsqldatabase_name'))]"
            ],
            "properties": {
                "startIpAddress": "84.17.59.156",
                "endIpAddress": "84.17.59.156"
            }
        },
        {
            "type": "Microsoft.Sql/servers/keys",
            "apiVersion": "2015-05-01-preview",
            "name": "[concat(parameters('servers_workingwithsqldatabase_name'), '/ServiceManaged')]",
            "dependsOn": [
                "[resourceId('Microsoft.Sql/servers', parameters('servers_workingwithsqldatabase_name'))]"
            ],
            "kind": "servicemanaged",
            "properties": {
                "serverKeyType": "ServiceManaged"
            }
        },
        {
            "type": "Microsoft.Sql/servers/keys",
            "apiVersion": "2015-05-01-preview",
            "name": "[concat(parameters('servers_workingwithsqldatabase_ne_name'), '/ServiceManaged')]",
            "dependsOn": [
                "[resourceId('Microsoft.Sql/servers', parameters('servers_workingwithsqldatabase_ne_name'))]"
            ],
            "kind": "servicemanaged",
            "properties": {
                "serverKeyType": "ServiceManaged"
            }
        },
        {
            "type": "Microsoft.Sql/servers/securityAlertPolicies",
            "apiVersion": "2017-03-01-preview",
            "name": "[concat(parameters('servers_workingwithsqldatabase_name'), '/Default')]",
            "dependsOn": [
                "[resourceId('Microsoft.Sql/servers', parameters('servers_workingwithsqldatabase_name'))]"
            ],
            "properties": {
                "state": "Enabled",
                "disabledAlerts": [
                    ""
                ],
                "emailAddresses": [
                    ""
                ],
                "emailAccountAdmins": true,
                "retentionDays": 0
            }
        },
        {
            "type": "Microsoft.Sql/servers/securityAlertPolicies",
            "apiVersion": "2017-03-01-preview",
            "name": "[concat(parameters('servers_workingwithsqldatabase_ne_name'), '/Default')]",
            "dependsOn": [
                "[resourceId('Microsoft.Sql/servers', parameters('servers_workingwithsqldatabase_ne_name'))]"
            ],
            "properties": {
                "state": "Disabled",
                "disabledAlerts": [
                    ""
                ],
                "emailAddresses": [
                    ""
                ],
                "emailAccountAdmins": false,
                "retentionDays": 0
            }
        },
        {
            "type": "Microsoft.Sql/servers/vulnerabilityAssessments",
            "apiVersion": "2018-06-01-preview",
            "name": "[concat(parameters('servers_workingwithsqldatabase_name'), '/Default')]",
            "dependsOn": [
                "[resourceId('Microsoft.Sql/servers', parameters('servers_workingwithsqldatabase_name'))]"
            ],
            "properties": {
                "storageContainerPath": "https://demoscommon.blob.core.windows.net/vulnerability-assessment/",
                "recurringScans": {
                    "isEnabled": true,
                    "emailSubscriptionAdmins": true,
                    "emails": []
                }
            }
        },
        {
            "type": "Microsoft.Sql/servers/vulnerabilityAssessments",
            "apiVersion": "2018-06-01-preview",
            "name": "[concat(parameters('servers_workingwithsqldatabase_ne_name'), '/Default')]",
            "dependsOn": [
                "[resourceId('Microsoft.Sql/servers', parameters('servers_workingwithsqldatabase_ne_name'))]"
            ],
            "properties": {
                "recurringScans": {
                    "isEnabled": false,
                    "emailSubscriptionAdmins": true
                },
                "storageContainerPath": "[parameters('vulnerabilityAssessments_Default_storageContainerPath')]"
            }
        },
        {
            "type": "Microsoft.Sql/servers/databases/advisors",
            "apiVersion": "2014-04-01",
            "name": "[concat(parameters('servers_workingwithsqldatabase_name'), '/dtu-based/CreateIndex')]",
            "dependsOn": [
                "[resourceId('Microsoft.Sql/servers/databases', parameters('servers_workingwithsqldatabase_name'), 'dtu-based')]",
                "[resourceId('Microsoft.Sql/servers', parameters('servers_workingwithsqldatabase_name'))]"
            ],
            "properties": {
                "autoExecuteValue": "Disabled"
            }
        },
        {
            "type": "Microsoft.Sql/servers/databases/advisors",
            "apiVersion": "2014-04-01",
            "name": "[concat(parameters('servers_workingwithsqldatabase_name'), '/vcore-based-hyperscale/CreateIndex')]",
            "dependsOn": [
                "[resourceId('Microsoft.Sql/servers/databases', parameters('servers_workingwithsqldatabase_name'), 'vcore-based-hyperscale')]",
                "[resourceId('Microsoft.Sql/servers', parameters('servers_workingwithsqldatabase_name'))]"
            ],
            "properties": {
                "autoExecuteValue": "Disabled"
            }
        },
        {
            "type": "Microsoft.Sql/servers/databases/advisors",
            "apiVersion": "2014-04-01",
            "name": "[concat(parameters('servers_workingwithsqldatabase_name'), '/vcore-based-provisioned/CreateIndex')]",
            "dependsOn": [
                "[resourceId('Microsoft.Sql/servers/databases', parameters('servers_workingwithsqldatabase_name'), 'vcore-based-provisioned')]",
                "[resourceId('Microsoft.Sql/servers', parameters('servers_workingwithsqldatabase_name'))]"
            ],
            "properties": {
                "autoExecuteValue": "Disabled"
            }
        },
        {
            "type": "Microsoft.Sql/servers/databases/advisors",
            "apiVersion": "2014-04-01",
            "name": "[concat(parameters('servers_workingwithsqldatabase_name'), '/vcore-based-provisioned-staging/CreateIndex')]",
            "dependsOn": [
                "[resourceId('Microsoft.Sql/servers/databases', parameters('servers_workingwithsqldatabase_name'), 'vcore-based-provisioned-staging')]",
                "[resourceId('Microsoft.Sql/servers', parameters('servers_workingwithsqldatabase_name'))]"
            ],
            "properties": {
                "autoExecuteValue": "Disabled"
            }
        },
        {
            "type": "Microsoft.Sql/servers/databases/advisors",
            "apiVersion": "2014-04-01",
            "name": "[concat(parameters('servers_workingwithsqldatabase_name'), '/vcore-based-serverless/CreateIndex')]",
            "dependsOn": [
                "[resourceId('Microsoft.Sql/servers/databases', parameters('servers_workingwithsqldatabase_name'), 'vcore-based-serverless')]",
                "[resourceId('Microsoft.Sql/servers', parameters('servers_workingwithsqldatabase_name'))]"
            ],
            "properties": {
                "autoExecuteValue": "Disabled"
            }
        },
        {
            "type": "Microsoft.Sql/servers/databases/advisors",
            "apiVersion": "2014-04-01",
            "name": "[concat(parameters('servers_workingwithsqldatabase_name'), '/dtu-based/DbParameterization')]",
            "dependsOn": [
                "[resourceId('Microsoft.Sql/servers/databases', parameters('servers_workingwithsqldatabase_name'), 'dtu-based')]",
                "[resourceId('Microsoft.Sql/servers', parameters('servers_workingwithsqldatabase_name'))]"
            ],
            "properties": {
                "autoExecuteValue": "Disabled"
            }
        },
        {
            "type": "Microsoft.Sql/servers/databases/advisors",
            "apiVersion": "2014-04-01",
            "name": "[concat(parameters('servers_workingwithsqldatabase_name'), '/vcore-based-hyperscale/DbParameterization')]",
            "dependsOn": [
                "[resourceId('Microsoft.Sql/servers/databases', parameters('servers_workingwithsqldatabase_name'), 'vcore-based-hyperscale')]",
                "[resourceId('Microsoft.Sql/servers', parameters('servers_workingwithsqldatabase_name'))]"
            ],
            "properties": {
                "autoExecuteValue": "Disabled"
            }
        },
        {
            "type": "Microsoft.Sql/servers/databases/advisors",
            "apiVersion": "2014-04-01",
            "name": "[concat(parameters('servers_workingwithsqldatabase_name'), '/vcore-based-provisioned/DbParameterization')]",
            "dependsOn": [
                "[resourceId('Microsoft.Sql/servers/databases', parameters('servers_workingwithsqldatabase_name'), 'vcore-based-provisioned')]",
                "[resourceId('Microsoft.Sql/servers', parameters('servers_workingwithsqldatabase_name'))]"
            ],
            "properties": {
                "autoExecuteValue": "Disabled"
            }
        },
        {
            "type": "Microsoft.Sql/servers/databases/advisors",
            "apiVersion": "2014-04-01",
            "name": "[concat(parameters('servers_workingwithsqldatabase_name'), '/vcore-based-provisioned-staging/DbParameterization')]",
            "dependsOn": [
                "[resourceId('Microsoft.Sql/servers/databases', parameters('servers_workingwithsqldatabase_name'), 'vcore-based-provisioned-staging')]",
                "[resourceId('Microsoft.Sql/servers', parameters('servers_workingwithsqldatabase_name'))]"
            ],
            "properties": {
                "autoExecuteValue": "Disabled"
            }
        },
        {
            "type": "Microsoft.Sql/servers/databases/advisors",
            "apiVersion": "2014-04-01",
            "name": "[concat(parameters('servers_workingwithsqldatabase_name'), '/vcore-based-serverless/DbParameterization')]",
            "dependsOn": [
                "[resourceId('Microsoft.Sql/servers/databases', parameters('servers_workingwithsqldatabase_name'), 'vcore-based-serverless')]",
                "[resourceId('Microsoft.Sql/servers', parameters('servers_workingwithsqldatabase_name'))]"
            ],
            "properties": {
                "autoExecuteValue": "Disabled"
            }
        },
        {
            "type": "Microsoft.Sql/servers/databases/advisors",
            "apiVersion": "2014-04-01",
            "name": "[concat(parameters('servers_workingwithsqldatabase_name'), '/dtu-based/DefragmentIndex')]",
            "dependsOn": [
                "[resourceId('Microsoft.Sql/servers/databases', parameters('servers_workingwithsqldatabase_name'), 'dtu-based')]",
                "[resourceId('Microsoft.Sql/servers', parameters('servers_workingwithsqldatabase_name'))]"
            ],
            "properties": {
                "autoExecuteValue": "Disabled"
            }
        },
        {
            "type": "Microsoft.Sql/servers/databases/advisors",
            "apiVersion": "2014-04-01",
            "name": "[concat(parameters('servers_workingwithsqldatabase_name'), '/vcore-based-hyperscale/DefragmentIndex')]",
            "dependsOn": [
                "[resourceId('Microsoft.Sql/servers/databases', parameters('servers_workingwithsqldatabase_name'), 'vcore-based-hyperscale')]",
                "[resourceId('Microsoft.Sql/servers', parameters('servers_workingwithsqldatabase_name'))]"
            ],
            "properties": {
                "autoExecuteValue": "Disabled"
            }
        },
        {
            "type": "Microsoft.Sql/servers/databases/advisors",
            "apiVersion": "2014-04-01",
            "name": "[concat(parameters('servers_workingwithsqldatabase_name'), '/vcore-based-provisioned/DefragmentIndex')]",
            "dependsOn": [
                "[resourceId('Microsoft.Sql/servers/databases', parameters('servers_workingwithsqldatabase_name'), 'vcore-based-provisioned')]",
                "[resourceId('Microsoft.Sql/servers', parameters('servers_workingwithsqldatabase_name'))]"
            ],
            "properties": {
                "autoExecuteValue": "Disabled"
            }
        },
        {
            "type": "Microsoft.Sql/servers/databases/advisors",
            "apiVersion": "2014-04-01",
            "name": "[concat(parameters('servers_workingwithsqldatabase_name'), '/vcore-based-provisioned-staging/DefragmentIndex')]",
            "dependsOn": [
                "[resourceId('Microsoft.Sql/servers/databases', parameters('servers_workingwithsqldatabase_name'), 'vcore-based-provisioned-staging')]",
                "[resourceId('Microsoft.Sql/servers', parameters('servers_workingwithsqldatabase_name'))]"
            ],
            "properties": {
                "autoExecuteValue": "Disabled"
            }
        },
        {
            "type": "Microsoft.Sql/servers/databases/advisors",
            "apiVersion": "2014-04-01",
            "name": "[concat(parameters('servers_workingwithsqldatabase_name'), '/vcore-based-serverless/DefragmentIndex')]",
            "dependsOn": [
                "[resourceId('Microsoft.Sql/servers/databases', parameters('servers_workingwithsqldatabase_name'), 'vcore-based-serverless')]",
                "[resourceId('Microsoft.Sql/servers', parameters('servers_workingwithsqldatabase_name'))]"
            ],
            "properties": {
                "autoExecuteValue": "Disabled"
            }
        },
        {
            "type": "Microsoft.Sql/servers/databases/advisors",
            "apiVersion": "2014-04-01",
            "name": "[concat(parameters('servers_workingwithsqldatabase_name'), '/dtu-based/DropIndex')]",
            "dependsOn": [
                "[resourceId('Microsoft.Sql/servers/databases', parameters('servers_workingwithsqldatabase_name'), 'dtu-based')]",
                "[resourceId('Microsoft.Sql/servers', parameters('servers_workingwithsqldatabase_name'))]"
            ],
            "properties": {
                "autoExecuteValue": "Disabled"
            }
        },
        {
            "type": "Microsoft.Sql/servers/databases/advisors",
            "apiVersion": "2014-04-01",
            "name": "[concat(parameters('servers_workingwithsqldatabase_name'), '/vcore-based-hyperscale/DropIndex')]",
            "dependsOn": [
                "[resourceId('Microsoft.Sql/servers/databases', parameters('servers_workingwithsqldatabase_name'), 'vcore-based-hyperscale')]",
                "[resourceId('Microsoft.Sql/servers', parameters('servers_workingwithsqldatabase_name'))]"
            ],
            "properties": {
                "autoExecuteValue": "Disabled"
            }
        },
        {
            "type": "Microsoft.Sql/servers/databases/advisors",
            "apiVersion": "2014-04-01",
            "name": "[concat(parameters('servers_workingwithsqldatabase_name'), '/vcore-based-provisioned/DropIndex')]",
            "dependsOn": [
                "[resourceId('Microsoft.Sql/servers/databases', parameters('servers_workingwithsqldatabase_name'), 'vcore-based-provisioned')]",
                "[resourceId('Microsoft.Sql/servers', parameters('servers_workingwithsqldatabase_name'))]"
            ],
            "properties": {
                "autoExecuteValue": "Disabled"
            }
        },
        {
            "type": "Microsoft.Sql/servers/databases/advisors",
            "apiVersion": "2014-04-01",
            "name": "[concat(parameters('servers_workingwithsqldatabase_name'), '/vcore-based-provisioned-staging/DropIndex')]",
            "dependsOn": [
                "[resourceId('Microsoft.Sql/servers/databases', parameters('servers_workingwithsqldatabase_name'), 'vcore-based-provisioned-staging')]",
                "[resourceId('Microsoft.Sql/servers', parameters('servers_workingwithsqldatabase_name'))]"
            ],
            "properties": {
                "autoExecuteValue": "Disabled"
            }
        },
        {
            "type": "Microsoft.Sql/servers/databases/advisors",
            "apiVersion": "2014-04-01",
            "name": "[concat(parameters('servers_workingwithsqldatabase_name'), '/vcore-based-serverless/DropIndex')]",
            "dependsOn": [
                "[resourceId('Microsoft.Sql/servers/databases', parameters('servers_workingwithsqldatabase_name'), 'vcore-based-serverless')]",
                "[resourceId('Microsoft.Sql/servers', parameters('servers_workingwithsqldatabase_name'))]"
            ],
            "properties": {
                "autoExecuteValue": "Disabled"
            }
        },
        {
            "type": "Microsoft.Sql/servers/databases/advisors",
            "apiVersion": "2014-04-01",
            "name": "[concat(parameters('servers_workingwithsqldatabase_name'), '/dtu-based/ForceLastGoodPlan')]",
            "dependsOn": [
                "[resourceId('Microsoft.Sql/servers/databases', parameters('servers_workingwithsqldatabase_name'), 'dtu-based')]",
                "[resourceId('Microsoft.Sql/servers', parameters('servers_workingwithsqldatabase_name'))]"
            ],
            "properties": {
                "autoExecuteValue": "Disabled"
            }
        },
        {
            "type": "Microsoft.Sql/servers/databases/advisors",
            "apiVersion": "2014-04-01",
            "name": "[concat(parameters('servers_workingwithsqldatabase_name'), '/vcore-based-hyperscale/ForceLastGoodPlan')]",
            "dependsOn": [
                "[resourceId('Microsoft.Sql/servers/databases', parameters('servers_workingwithsqldatabase_name'), 'vcore-based-hyperscale')]",
                "[resourceId('Microsoft.Sql/servers', parameters('servers_workingwithsqldatabase_name'))]"
            ],
            "properties": {
                "autoExecuteValue": "Disabled"
            }
        },
        {
            "type": "Microsoft.Sql/servers/databases/advisors",
            "apiVersion": "2014-04-01",
            "name": "[concat(parameters('servers_workingwithsqldatabase_name'), '/vcore-based-provisioned/ForceLastGoodPlan')]",
            "dependsOn": [
                "[resourceId('Microsoft.Sql/servers/databases', parameters('servers_workingwithsqldatabase_name'), 'vcore-based-provisioned')]",
                "[resourceId('Microsoft.Sql/servers', parameters('servers_workingwithsqldatabase_name'))]"
            ],
            "properties": {
                "autoExecuteValue": "Disabled"
            }
        },
        {
            "type": "Microsoft.Sql/servers/databases/advisors",
            "apiVersion": "2014-04-01",
            "name": "[concat(parameters('servers_workingwithsqldatabase_name'), '/vcore-based-provisioned-staging/ForceLastGoodPlan')]",
            "dependsOn": [
                "[resourceId('Microsoft.Sql/servers/databases', parameters('servers_workingwithsqldatabase_name'), 'vcore-based-provisioned-staging')]",
                "[resourceId('Microsoft.Sql/servers', parameters('servers_workingwithsqldatabase_name'))]"
            ],
            "properties": {
                "autoExecuteValue": "Disabled"
            }
        },
        {
            "type": "Microsoft.Sql/servers/databases/advisors",
            "apiVersion": "2014-04-01",
            "name": "[concat(parameters('servers_workingwithsqldatabase_name'), '/vcore-based-serverless/ForceLastGoodPlan')]",
            "dependsOn": [
                "[resourceId('Microsoft.Sql/servers/databases', parameters('servers_workingwithsqldatabase_name'), 'vcore-based-serverless')]",
                "[resourceId('Microsoft.Sql/servers', parameters('servers_workingwithsqldatabase_name'))]"
            ],
            "properties": {
                "autoExecuteValue": "Disabled"
            }
        },
        {
            "type": "Microsoft.Sql/servers/databases/auditingPolicies",
            "apiVersion": "2014-04-01",
            "name": "[concat(parameters('servers_workingwithsqldatabase_name'), '/dtu-based/Default')]",
            "location": "West Europe",
            "dependsOn": [
                "[resourceId('Microsoft.Sql/servers/databases', parameters('servers_workingwithsqldatabase_name'), 'dtu-based')]",
                "[resourceId('Microsoft.Sql/servers', parameters('servers_workingwithsqldatabase_name'))]"
            ],
            "properties": {
                "auditingState": "Disabled"
            }
        },
        {
            "type": "Microsoft.Sql/servers/databases/auditingPolicies",
            "apiVersion": "2014-04-01",
            "name": "[concat(parameters('servers_workingwithsqldatabase_name'), '/vcore-based-hyperscale/Default')]",
            "location": "West Europe",
            "dependsOn": [
                "[resourceId('Microsoft.Sql/servers/databases', parameters('servers_workingwithsqldatabase_name'), 'vcore-based-hyperscale')]",
                "[resourceId('Microsoft.Sql/servers', parameters('servers_workingwithsqldatabase_name'))]"
            ],
            "properties": {
                "auditingState": "Disabled"
            }
        },
        {
            "type": "Microsoft.Sql/servers/databases/auditingPolicies",
            "apiVersion": "2014-04-01",
            "name": "[concat(parameters('servers_workingwithsqldatabase_name'), '/vcore-based-provisioned/Default')]",
            "location": "West Europe",
            "dependsOn": [
                "[resourceId('Microsoft.Sql/servers/databases', parameters('servers_workingwithsqldatabase_name'), 'vcore-based-provisioned')]",
                "[resourceId('Microsoft.Sql/servers', parameters('servers_workingwithsqldatabase_name'))]"
            ],
            "properties": {
                "auditingState": "Disabled"
            }
        },
        {
            "type": "Microsoft.Sql/servers/databases/auditingPolicies",
            "apiVersion": "2014-04-01",
            "name": "[concat(parameters('servers_workingwithsqldatabase_name'), '/vcore-based-provisioned-staging/Default')]",
            "location": "West Europe",
            "dependsOn": [
                "[resourceId('Microsoft.Sql/servers/databases', parameters('servers_workingwithsqldatabase_name'), 'vcore-based-provisioned-staging')]",
                "[resourceId('Microsoft.Sql/servers', parameters('servers_workingwithsqldatabase_name'))]"
            ],
            "properties": {
                "auditingState": "Disabled"
            }
        },
        {
            "type": "Microsoft.Sql/servers/databases/auditingPolicies",
            "apiVersion": "2014-04-01",
            "name": "[concat(parameters('servers_workingwithsqldatabase_name'), '/vcore-based-serverless/Default')]",
            "location": "West Europe",
            "dependsOn": [
                "[resourceId('Microsoft.Sql/servers/databases', parameters('servers_workingwithsqldatabase_name'), 'vcore-based-serverless')]",
                "[resourceId('Microsoft.Sql/servers', parameters('servers_workingwithsqldatabase_name'))]"
            ],
            "properties": {
                "auditingState": "Disabled"
            }
        },
        {
            "type": "Microsoft.Sql/servers/databases/auditingSettings",
            "apiVersion": "2017-03-01-preview",
            "name": "[concat(parameters('servers_workingwithsqldatabase_name'), '/dtu-based/Default')]",
            "dependsOn": [
                "[resourceId('Microsoft.Sql/servers/databases', parameters('servers_workingwithsqldatabase_name'), 'dtu-based')]",
                "[resourceId('Microsoft.Sql/servers', parameters('servers_workingwithsqldatabase_name'))]"
            ],
            "properties": {
                "state": "Disabled",
                "retentionDays": 0,
                "auditActionsAndGroups": [],
                "storageAccountSubscriptionId": "00000000-0000-0000-0000-000000000000",
                "isStorageSecondaryKeyInUse": false,
                "isAzureMonitorTargetEnabled": false
            }
        },
        {
            "type": "Microsoft.Sql/servers/databases/auditingSettings",
            "apiVersion": "2017-03-01-preview",
            "name": "[concat(parameters('servers_workingwithsqldatabase_name'), '/vcore-based-hyperscale/Default')]",
            "dependsOn": [
                "[resourceId('Microsoft.Sql/servers/databases', parameters('servers_workingwithsqldatabase_name'), 'vcore-based-hyperscale')]",
                "[resourceId('Microsoft.Sql/servers', parameters('servers_workingwithsqldatabase_name'))]"
            ],
            "properties": {
                "state": "Disabled",
                "retentionDays": 0,
                "auditActionsAndGroups": [],
                "storageAccountSubscriptionId": "00000000-0000-0000-0000-000000000000",
                "isStorageSecondaryKeyInUse": false,
                "isAzureMonitorTargetEnabled": false
            }
        },
        {
            "type": "Microsoft.Sql/servers/databases/auditingSettings",
            "apiVersion": "2017-03-01-preview",
            "name": "[concat(parameters('servers_workingwithsqldatabase_name'), '/vcore-based-provisioned/Default')]",
            "dependsOn": [
                "[resourceId('Microsoft.Sql/servers/databases', parameters('servers_workingwithsqldatabase_name'), 'vcore-based-provisioned')]",
                "[resourceId('Microsoft.Sql/servers', parameters('servers_workingwithsqldatabase_name'))]"
            ],
            "properties": {
                "state": "Disabled",
                "retentionDays": 0,
                "auditActionsAndGroups": [],
                "storageAccountSubscriptionId": "00000000-0000-0000-0000-000000000000",
                "isStorageSecondaryKeyInUse": false,
                "isAzureMonitorTargetEnabled": false
            }
        },
        {
            "type": "Microsoft.Sql/servers/databases/auditingSettings",
            "apiVersion": "2017-03-01-preview",
            "name": "[concat(parameters('servers_workingwithsqldatabase_name'), '/vcore-based-provisioned-staging/Default')]",
            "dependsOn": [
                "[resourceId('Microsoft.Sql/servers/databases', parameters('servers_workingwithsqldatabase_name'), 'vcore-based-provisioned-staging')]",
                "[resourceId('Microsoft.Sql/servers', parameters('servers_workingwithsqldatabase_name'))]"
            ],
            "properties": {
                "state": "Disabled",
                "retentionDays": 0,
                "auditActionsAndGroups": [],
                "storageAccountSubscriptionId": "00000000-0000-0000-0000-000000000000",
                "isStorageSecondaryKeyInUse": false,
                "isAzureMonitorTargetEnabled": false
            }
        },
        {
            "type": "Microsoft.Sql/servers/databases/auditingSettings",
            "apiVersion": "2017-03-01-preview",
            "name": "[concat(parameters('servers_workingwithsqldatabase_name'), '/vcore-based-serverless/Default')]",
            "dependsOn": [
                "[resourceId('Microsoft.Sql/servers/databases', parameters('servers_workingwithsqldatabase_name'), 'vcore-based-serverless')]",
                "[resourceId('Microsoft.Sql/servers', parameters('servers_workingwithsqldatabase_name'))]"
            ],
            "properties": {
                "state": "Disabled",
                "retentionDays": 0,
                "auditActionsAndGroups": [],
                "storageAccountSubscriptionId": "00000000-0000-0000-0000-000000000000",
                "isStorageSecondaryKeyInUse": false,
                "isAzureMonitorTargetEnabled": false
            }
        },
        {
            "type": "Microsoft.Sql/servers/databases/backupShortTermRetentionPolicies",
            "apiVersion": "2017-10-01-preview",
            "name": "[concat(parameters('servers_workingwithsqldatabase_name'), '/dtu-based/default')]",
            "dependsOn": [
                "[resourceId('Microsoft.Sql/servers/databases', parameters('servers_workingwithsqldatabase_name'), 'dtu-based')]",
                "[resourceId('Microsoft.Sql/servers', parameters('servers_workingwithsqldatabase_name'))]"
            ],
            "properties": {
                "retentionDays": 7
            }
        },
        {
            "type": "Microsoft.Sql/servers/databases/backupShortTermRetentionPolicies",
            "apiVersion": "2017-10-01-preview",
            "name": "[concat(parameters('servers_workingwithsqldatabase_name'), '/vcore-based-provisioned/default')]",
            "dependsOn": [
                "[resourceId('Microsoft.Sql/servers/databases', parameters('servers_workingwithsqldatabase_name'), 'vcore-based-provisioned')]",
                "[resourceId('Microsoft.Sql/servers', parameters('servers_workingwithsqldatabase_name'))]"
            ],
            "properties": {
                "retentionDays": 7
            }
        },
        {
            "type": "Microsoft.Sql/servers/databases/backupShortTermRetentionPolicies",
            "apiVersion": "2017-10-01-preview",
            "name": "[concat(parameters('servers_workingwithsqldatabase_name'), '/vcore-based-provisioned-staging/default')]",
            "dependsOn": [
                "[resourceId('Microsoft.Sql/servers/databases', parameters('servers_workingwithsqldatabase_name'), 'vcore-based-provisioned-staging')]",
                "[resourceId('Microsoft.Sql/servers', parameters('servers_workingwithsqldatabase_name'))]"
            ],
            "properties": {
                "retentionDays": 7
            }
        },
        {
            "type": "Microsoft.Sql/servers/databases/backupShortTermRetentionPolicies",
            "apiVersion": "2017-10-01-preview",
            "name": "[concat(parameters('servers_workingwithsqldatabase_name'), '/vcore-based-serverless/default')]",
            "dependsOn": [
                "[resourceId('Microsoft.Sql/servers/databases', parameters('servers_workingwithsqldatabase_name'), 'vcore-based-serverless')]",
                "[resourceId('Microsoft.Sql/servers', parameters('servers_workingwithsqldatabase_name'))]"
            ],
            "properties": {
                "retentionDays": 7
            }
        },
        {
            "type": "Microsoft.Sql/servers/databases/extendedAuditingSettings",
            "apiVersion": "2017-03-01-preview",
            "name": "[concat(parameters('servers_workingwithsqldatabase_name'), '/dtu-based/Default')]",
            "dependsOn": [
                "[resourceId('Microsoft.Sql/servers/databases', parameters('servers_workingwithsqldatabase_name'), 'dtu-based')]",
                "[resourceId('Microsoft.Sql/servers', parameters('servers_workingwithsqldatabase_name'))]"
            ],
            "properties": {
                "state": "Disabled",
                "retentionDays": 0,
                "auditActionsAndGroups": [],
                "storageAccountSubscriptionId": "00000000-0000-0000-0000-000000000000",
                "isStorageSecondaryKeyInUse": false,
                "isAzureMonitorTargetEnabled": false
            }
        },
        {
            "type": "Microsoft.Sql/servers/databases/extendedAuditingSettings",
            "apiVersion": "2017-03-01-preview",
            "name": "[concat(parameters('servers_workingwithsqldatabase_name'), '/vcore-based-hyperscale/Default')]",
            "dependsOn": [
                "[resourceId('Microsoft.Sql/servers/databases', parameters('servers_workingwithsqldatabase_name'), 'vcore-based-hyperscale')]",
                "[resourceId('Microsoft.Sql/servers', parameters('servers_workingwithsqldatabase_name'))]"
            ],
            "properties": {
                "state": "Disabled",
                "retentionDays": 0,
                "auditActionsAndGroups": [],
                "storageAccountSubscriptionId": "00000000-0000-0000-0000-000000000000",
                "isStorageSecondaryKeyInUse": false,
                "isAzureMonitorTargetEnabled": false
            }
        },
        {
            "type": "Microsoft.Sql/servers/databases/extendedAuditingSettings",
            "apiVersion": "2017-03-01-preview",
            "name": "[concat(parameters('servers_workingwithsqldatabase_name'), '/vcore-based-provisioned/Default')]",
            "dependsOn": [
                "[resourceId('Microsoft.Sql/servers/databases', parameters('servers_workingwithsqldatabase_name'), 'vcore-based-provisioned')]",
                "[resourceId('Microsoft.Sql/servers', parameters('servers_workingwithsqldatabase_name'))]"
            ],
            "properties": {
                "state": "Disabled",
                "retentionDays": 0,
                "auditActionsAndGroups": [],
                "storageAccountSubscriptionId": "00000000-0000-0000-0000-000000000000",
                "isStorageSecondaryKeyInUse": false,
                "isAzureMonitorTargetEnabled": false
            }
        },
        {
            "type": "Microsoft.Sql/servers/databases/extendedAuditingSettings",
            "apiVersion": "2017-03-01-preview",
            "name": "[concat(parameters('servers_workingwithsqldatabase_name'), '/vcore-based-provisioned-staging/Default')]",
            "dependsOn": [
                "[resourceId('Microsoft.Sql/servers/databases', parameters('servers_workingwithsqldatabase_name'), 'vcore-based-provisioned-staging')]",
                "[resourceId('Microsoft.Sql/servers', parameters('servers_workingwithsqldatabase_name'))]"
            ],
            "properties": {
                "state": "Disabled",
                "retentionDays": 0,
                "auditActionsAndGroups": [],
                "storageAccountSubscriptionId": "00000000-0000-0000-0000-000000000000",
                "isStorageSecondaryKeyInUse": false,
                "isAzureMonitorTargetEnabled": false
            }
        },
        {
            "type": "Microsoft.Sql/servers/databases/extendedAuditingSettings",
            "apiVersion": "2017-03-01-preview",
            "name": "[concat(parameters('servers_workingwithsqldatabase_name'), '/vcore-based-serverless/Default')]",
            "dependsOn": [
                "[resourceId('Microsoft.Sql/servers/databases', parameters('servers_workingwithsqldatabase_name'), 'vcore-based-serverless')]",
                "[resourceId('Microsoft.Sql/servers', parameters('servers_workingwithsqldatabase_name'))]"
            ],
            "properties": {
                "state": "Disabled",
                "retentionDays": 0,
                "auditActionsAndGroups": [],
                "storageAccountSubscriptionId": "00000000-0000-0000-0000-000000000000",
                "isStorageSecondaryKeyInUse": false,
                "isAzureMonitorTargetEnabled": false
            }
        },
        {
            "type": "Microsoft.Sql/servers/databases/geoBackupPolicies",
            "apiVersion": "2014-04-01",
            "name": "[concat(parameters('servers_workingwithsqldatabase_name'), '/dtu-based/Default')]",
            "location": "West Europe",
            "dependsOn": [
                "[resourceId('Microsoft.Sql/servers/databases', parameters('servers_workingwithsqldatabase_name'), 'dtu-based')]",
                "[resourceId('Microsoft.Sql/servers', parameters('servers_workingwithsqldatabase_name'))]"
            ],
            "properties": {
                "state": "Enabled"
            }
        },
        {
            "type": "Microsoft.Sql/servers/databases/geoBackupPolicies",
            "apiVersion": "2014-04-01",
            "name": "[concat(parameters('servers_workingwithsqldatabase_name'), '/vcore-based-hyperscale/Default')]",
            "location": "West Europe",
            "dependsOn": [
                "[resourceId('Microsoft.Sql/servers/databases', parameters('servers_workingwithsqldatabase_name'), 'vcore-based-hyperscale')]",
                "[resourceId('Microsoft.Sql/servers', parameters('servers_workingwithsqldatabase_name'))]"
            ],
            "properties": {
                "state": "Enabled"
            }
        },
        {
            "type": "Microsoft.Sql/servers/databases/geoBackupPolicies",
            "apiVersion": "2014-04-01",
            "name": "[concat(parameters('servers_workingwithsqldatabase_name'), '/vcore-based-provisioned/Default')]",
            "location": "West Europe",
            "dependsOn": [
                "[resourceId('Microsoft.Sql/servers/databases', parameters('servers_workingwithsqldatabase_name'), 'vcore-based-provisioned')]",
                "[resourceId('Microsoft.Sql/servers', parameters('servers_workingwithsqldatabase_name'))]"
            ],
            "properties": {
                "state": "Enabled"
            }
        },
        {
            "type": "Microsoft.Sql/servers/databases/geoBackupPolicies",
            "apiVersion": "2014-04-01",
            "name": "[concat(parameters('servers_workingwithsqldatabase_name'), '/vcore-based-provisioned-staging/Default')]",
            "location": "West Europe",
            "dependsOn": [
                "[resourceId('Microsoft.Sql/servers/databases', parameters('servers_workingwithsqldatabase_name'), 'vcore-based-provisioned-staging')]",
                "[resourceId('Microsoft.Sql/servers', parameters('servers_workingwithsqldatabase_name'))]"
            ],
            "properties": {
                "state": "Enabled"
            }
        },
        {
            "type": "Microsoft.Sql/servers/databases/geoBackupPolicies",
            "apiVersion": "2014-04-01",
            "name": "[concat(parameters('servers_workingwithsqldatabase_name'), '/vcore-based-serverless/Default')]",
            "location": "West Europe",
            "dependsOn": [
                "[resourceId('Microsoft.Sql/servers/databases', parameters('servers_workingwithsqldatabase_name'), 'vcore-based-serverless')]",
                "[resourceId('Microsoft.Sql/servers', parameters('servers_workingwithsqldatabase_name'))]"
            ],
            "properties": {
                "state": "Enabled"
            }
        },
        {
            "type": "Microsoft.Sql/servers/databases/securityAlertPolicies",
            "apiVersion": "2018-06-01-preview",
            "name": "[concat(parameters('servers_workingwithsqldatabase_name'), '/dtu-based/Default')]",
            "dependsOn": [
                "[resourceId('Microsoft.Sql/servers/databases', parameters('servers_workingwithsqldatabase_name'), 'dtu-based')]",
                "[resourceId('Microsoft.Sql/servers', parameters('servers_workingwithsqldatabase_name'))]"
            ],
            "properties": {
                "state": "Disabled",
                "disabledAlerts": [
                    ""
                ],
                "emailAddresses": [
                    ""
                ],
                "emailAccountAdmins": false,
                "retentionDays": 0
            }
        },
        {
            "type": "Microsoft.Sql/servers/databases/securityAlertPolicies",
            "apiVersion": "2018-06-01-preview",
            "name": "[concat(parameters('servers_workingwithsqldatabase_name'), '/vcore-based-hyperscale/Default')]",
            "dependsOn": [
                "[resourceId('Microsoft.Sql/servers/databases', parameters('servers_workingwithsqldatabase_name'), 'vcore-based-hyperscale')]",
                "[resourceId('Microsoft.Sql/servers', parameters('servers_workingwithsqldatabase_name'))]"
            ],
            "properties": {
                "state": "Disabled",
                "disabledAlerts": [
                    ""
                ],
                "emailAddresses": [
                    ""
                ],
                "emailAccountAdmins": false,
                "retentionDays": 0
            }
        },
        {
            "type": "Microsoft.Sql/servers/databases/securityAlertPolicies",
            "apiVersion": "2018-06-01-preview",
            "name": "[concat(parameters('servers_workingwithsqldatabase_name'), '/vcore-based-provisioned/Default')]",
            "dependsOn": [
                "[resourceId('Microsoft.Sql/servers/databases', parameters('servers_workingwithsqldatabase_name'), 'vcore-based-provisioned')]",
                "[resourceId('Microsoft.Sql/servers', parameters('servers_workingwithsqldatabase_name'))]"
            ],
            "properties": {
                "state": "Disabled",
                "disabledAlerts": [
                    ""
                ],
                "emailAddresses": [
                    ""
                ],
                "emailAccountAdmins": false,
                "retentionDays": 0
            }
        },
        {
            "type": "Microsoft.Sql/servers/databases/securityAlertPolicies",
            "apiVersion": "2018-06-01-preview",
            "name": "[concat(parameters('servers_workingwithsqldatabase_name'), '/vcore-based-provisioned-staging/Default')]",
            "dependsOn": [
                "[resourceId('Microsoft.Sql/servers/databases', parameters('servers_workingwithsqldatabase_name'), 'vcore-based-provisioned-staging')]",
                "[resourceId('Microsoft.Sql/servers', parameters('servers_workingwithsqldatabase_name'))]"
            ],
            "properties": {
                "state": "Disabled",
                "disabledAlerts": [
                    ""
                ],
                "emailAddresses": [
                    ""
                ],
                "emailAccountAdmins": false,
                "retentionDays": 0
            }
        },
        {
            "type": "Microsoft.Sql/servers/databases/securityAlertPolicies",
            "apiVersion": "2018-06-01-preview",
            "name": "[concat(parameters('servers_workingwithsqldatabase_name'), '/vcore-based-serverless/Default')]",
            "dependsOn": [
                "[resourceId('Microsoft.Sql/servers/databases', parameters('servers_workingwithsqldatabase_name'), 'vcore-based-serverless')]",
                "[resourceId('Microsoft.Sql/servers', parameters('servers_workingwithsqldatabase_name'))]"
            ],
            "properties": {
                "state": "Disabled",
                "disabledAlerts": [
                    ""
                ],
                "emailAddresses": [
                    ""
                ],
                "emailAccountAdmins": false,
                "retentionDays": 0
            }
        },
        {
            "type": "Microsoft.Sql/servers/databases/transparentDataEncryption",
            "apiVersion": "2014-04-01",
            "name": "[concat(parameters('servers_workingwithsqldatabase_name'), '/dtu-based/current')]",
            "location": "West Europe",
            "dependsOn": [
                "[resourceId('Microsoft.Sql/servers/databases', parameters('servers_workingwithsqldatabase_name'), 'dtu-based')]",
                "[resourceId('Microsoft.Sql/servers', parameters('servers_workingwithsqldatabase_name'))]"
            ],
            "properties": {
                "status": "Enabled"
            }
        },
        {
            "type": "Microsoft.Sql/servers/databases/transparentDataEncryption",
            "apiVersion": "2014-04-01",
            "name": "[concat(parameters('servers_workingwithsqldatabase_name'), '/vcore-based-hyperscale/current')]",
            "location": "West Europe",
            "dependsOn": [
                "[resourceId('Microsoft.Sql/servers/databases', parameters('servers_workingwithsqldatabase_name'), 'vcore-based-hyperscale')]",
                "[resourceId('Microsoft.Sql/servers', parameters('servers_workingwithsqldatabase_name'))]"
            ],
            "properties": {
                "status": "Enabled"
            }
        },
        {
            "type": "Microsoft.Sql/servers/databases/transparentDataEncryption",
            "apiVersion": "2014-04-01",
            "name": "[concat(parameters('servers_workingwithsqldatabase_name'), '/vcore-based-provisioned/current')]",
            "location": "West Europe",
            "dependsOn": [
                "[resourceId('Microsoft.Sql/servers/databases', parameters('servers_workingwithsqldatabase_name'), 'vcore-based-provisioned')]",
                "[resourceId('Microsoft.Sql/servers', parameters('servers_workingwithsqldatabase_name'))]"
            ],
            "properties": {
                "status": "Enabled"
            }
        },
        {
            "type": "Microsoft.Sql/servers/databases/transparentDataEncryption",
            "apiVersion": "2014-04-01",
            "name": "[concat(parameters('servers_workingwithsqldatabase_name'), '/vcore-based-provisioned-staging/current')]",
            "location": "West Europe",
            "dependsOn": [
                "[resourceId('Microsoft.Sql/servers/databases', parameters('servers_workingwithsqldatabase_name'), 'vcore-based-provisioned-staging')]",
                "[resourceId('Microsoft.Sql/servers', parameters('servers_workingwithsqldatabase_name'))]"
            ],
            "properties": {
                "status": "Enabled"
            }
        },
        {
            "type": "Microsoft.Sql/servers/databases/transparentDataEncryption",
            "apiVersion": "2014-04-01",
            "name": "[concat(parameters('servers_workingwithsqldatabase_name'), '/vcore-based-serverless/current')]",
            "location": "West Europe",
            "dependsOn": [
                "[resourceId('Microsoft.Sql/servers/databases', parameters('servers_workingwithsqldatabase_name'), 'vcore-based-serverless')]",
                "[resourceId('Microsoft.Sql/servers', parameters('servers_workingwithsqldatabase_name'))]"
            ],
            "properties": {
                "status": "Enabled"
            }
        },
        {
            "type": "Microsoft.Sql/servers/databases/vulnerabilityAssessments",
            "apiVersion": "2017-03-01-preview",
            "name": "[concat(parameters('servers_workingwithsqldatabase_name'), '/dtu-based/Default')]",
            "dependsOn": [
                "[resourceId('Microsoft.Sql/servers/databases', parameters('servers_workingwithsqldatabase_name'), 'dtu-based')]",
                "[resourceId('Microsoft.Sql/servers', parameters('servers_workingwithsqldatabase_name'))]"
            ],
            "properties": {
                "recurringScans": {
                    "isEnabled": false,
                    "emailSubscriptionAdmins": true,
                    "emails": []
                }
            }
        },
        {
            "type": "Microsoft.Sql/servers/databases/vulnerabilityAssessments",
            "apiVersion": "2017-03-01-preview",
            "name": "[concat(parameters('servers_workingwithsqldatabase_name'), '/vcore-based-hyperscale/Default')]",
            "dependsOn": [
                "[resourceId('Microsoft.Sql/servers/databases', parameters('servers_workingwithsqldatabase_name'), 'vcore-based-hyperscale')]",
                "[resourceId('Microsoft.Sql/servers', parameters('servers_workingwithsqldatabase_name'))]"
            ],
            "properties": {
                "recurringScans": {
                    "isEnabled": false,
                    "emailSubscriptionAdmins": true,
                    "emails": []
                }
            }
        },
        {
            "type": "Microsoft.Sql/servers/databases/vulnerabilityAssessments",
            "apiVersion": "2017-03-01-preview",
            "name": "[concat(parameters('servers_workingwithsqldatabase_name'), '/vcore-based-provisioned/Default')]",
            "dependsOn": [
                "[resourceId('Microsoft.Sql/servers/databases', parameters('servers_workingwithsqldatabase_name'), 'vcore-based-provisioned')]",
                "[resourceId('Microsoft.Sql/servers', parameters('servers_workingwithsqldatabase_name'))]"
            ],
            "properties": {
                "recurringScans": {
                    "isEnabled": false,
                    "emailSubscriptionAdmins": true,
                    "emails": []
                }
            }
        },
        {
            "type": "Microsoft.Sql/servers/databases/vulnerabilityAssessments",
            "apiVersion": "2017-03-01-preview",
            "name": "[concat(parameters('servers_workingwithsqldatabase_name'), '/vcore-based-provisioned-staging/Default')]",
            "dependsOn": [
                "[resourceId('Microsoft.Sql/servers/databases', parameters('servers_workingwithsqldatabase_name'), 'vcore-based-provisioned-staging')]",
                "[resourceId('Microsoft.Sql/servers', parameters('servers_workingwithsqldatabase_name'))]"
            ],
            "properties": {
                "recurringScans": {
                    "isEnabled": false,
                    "emailSubscriptionAdmins": true,
                    "emails": []
                }
            }
        },
        {
            "type": "Microsoft.Sql/servers/databases/vulnerabilityAssessments",
            "apiVersion": "2017-03-01-preview",
            "name": "[concat(parameters('servers_workingwithsqldatabase_name'), '/vcore-based-serverless/Default')]",
            "dependsOn": [
                "[resourceId('Microsoft.Sql/servers/databases', parameters('servers_workingwithsqldatabase_name'), 'vcore-based-serverless')]",
                "[resourceId('Microsoft.Sql/servers', parameters('servers_workingwithsqldatabase_name'))]"
            ],
            "properties": {
                "recurringScans": {
                    "isEnabled": false,
                    "emailSubscriptionAdmins": true,
                    "emails": []
                }
            }
        }
    ]
}